Rank,French,Spanish,Phrase_ES,Phrase_FR
1,de,de,"El libro de María está sobre la mesa.","Le livre de Marie est sur la table."
2,la,la,"La casa es hermosa.","La maison est belle."
3,et,y,"Pedro y María van al cine.","Pierre et Marie vont au cinéma."
4,le,el,"El gato duerme en el sofá.","Le chat dort sur le canapé."
5,à,a,"Voy a la escuela.","Je vais à l'école."
6,les,los,"Los niños juegan en el parque.","Les enfants jouent dans le parc."
7,un,un,"Tengo un perro.","J'ai un chien."
8,du,del,"Él bebe café.","Il boit du café."
9,pour,para,"Es un regalo para ti.","C'est un cadeau pour toi."
10,dans,en,"Él está en la casa.","Il est dans la maison."
11,qui,quien,"La persona que habla es amable.","La personne qui parle est gentille."
12,ne,no,"No sé.","Je ne sais pas."
13,pas,no,"Él no viene.","Il ne vient pas."
14,ce,este,"Este libro es interesante.","Ce livre est intéressant."
15,se,se,"Él se levanta temprano.","Il se lève tôt."
16,au,al,"Él va al mercado.","Il va au marché."
17,avec,con,"Hablo con mi amigo.","Je parle avec mon ami."
18,tout,todo,"Todo es posible.","Tout est possible."
19,mais,pero,"Quiero ir, pero estoy cansado.","Je veux y aller, mais je suis fatigué."
20,comme,como,"Él trabaja como médico.","Il travaille comme médecin."
21,ou,o,"¿Quieres té o café?","Veux‑tu du thé ou du café ?"
22,si,si,"Si quieres, podemos irnos.","Si tu veux, nous pouvons partir."
23,son,su,"Es su libro.","C'est son livre."
24,sur,sobre,"El gato está sobre la mesa.","Le chat est sur la table."
25,être,ser,"Él quiere ser feliz.","Il veut être heureux."
26,avoir,tener,"Me gusta tener amigos.","J'aime avoir des amis."
27,je,yo,"Yo estoy aquí.","Je suis ici."
28,vous,usted,"Usted está invitado.","Vous êtes invités."
29,il,él,"Él llega tarde.","Il est en retard."
30,elle,ella,"Ella canta bien.","Elle chante bien."
31,nous,nosotros,"Nosotros amamos la música.","Nous aimons la musique."
32,ils,ellos,"Ellos juegan al fútbol.","Ils jouent au football."
33,elles,ellas,"Ellas bailan elegantemente.","Elles dansent élégamment."
34,mon,mi,"Mi padre es médico.","Mon père est médecin."
35,ma,mi,"Mi madre cocina bien.","Ma mère cuisine bien."
36,mes,mis,"Mis amigos son simpáticos.","Mes amis sont sympathiques."
37,ton,tu,"Tu pluma es azul.","Ton stylo est bleu."
38,sa,su,"Su coche es rápido.","Sa voiture est rapide."
39,ses,sus,"Sus libros son interesantes.","Ses livres sont intéressants."
40,leur,su,"Su casa es grande.","Leur maison est grande."
41,plus,más,"Hace más frío hoy.","Il fait plus froid aujourd'hui."
42,moins,menos,"Ella tiene menos tiempo.","Elle a moins de temps."
43,bien,bien,"Hablas bien español.","Tu parles bien français."
44,très,muy,"Es muy bonito.","C'est très beau."
45,aussi,también,"Él es también inteligente.","Il est aussi intelligent."
46,encore,más,"Quiere más pastel.","Il veut encore du gâteau."
47,déjà,ya,"Ya he comido.","J'ai déjà mangé."
48,toujours,siempre,"Siempre llega tarde.","Il est toujours en retard."
49,jamais,nunca,"Nunca hago eso.","Je ne fais jamais cela."
50,peut-être,quizá,"Quizá vengas mañana.","Peut-être viendras‑tu mañana."
51,maintenant,ahora,"Lo hago ahora.","Je le fais maintenant."
52,alors,entonces,"Entonces, ¿qué haces?","Alors, que fais‑tu ?"
53,ensuite,luego,"Luego iremos al cine.","Ensuite, nous irons au cinéma."
54,avant,antes,"Antes de irte, cierra la puerta.","Avant de partir, ferme la porte."
55,après,después,"Después de la cena, hablamos.","Après le dîner, nous avons parlé."
56,ici,aquí,"Ven aquí.","Viens ici."
57,là-bas,allí,"Mira allá.","Regarde là‑bas."
58,où,dónde,"¿Dónde está la estación?","Où est la gare ?"
59,pourquoi,por qué,"¿Por qué ríes?","Pourquoi ris‑tu ?"
60,comment,cómo,"¿Cómo estás?","Comment ça va ?"
61,quand,cuándo,"¿Cuándo salimos?","Quand partons‑nous ?"
62,combien,cuánto,"¿Cuánto cuesta?","Combien ça coûte ?"
63,quel,cuál,"¿Cuál es tu nombre?","Quel est ton nom ?"
64,lequel,cuál,"¿Cuál prefieres?","Lequel préfères‑tu ?"
65,parce que,porque,"Río porque es gracioso.","Je ris porque c'est drôle."
66,donc,por lo tanto,"Está cansado, por lo tanto descansa.","Il est fatigué, donc il se repose."
67,car,pues,"No vino, pues estaba enfermo.","Il n'est pas venu, car il était malade."
68,entre,entre,"El gato está entre dos sillas.","Il est entre deux chaises."
69,sans,sin,"No puedo vivir sin ti.","Je ne peux pas vivre sans toi."
70,selon,según,"Según el informe, todo va bien.","Selon le rapport, tout va bien."
71,contre,contra,"Está en contra de esa idea.","Il est contre cette idée."
72,vers,hacia,"Camina hacia la estación.","Il marche hacia la gare."
73,dès,desde,"Desde mañana, todo cambiará.","Dès demain, tout changera."
74,sous,"debajo de","El gato está debajo de la mesa.","Le chat est sous la table."
75,autour,alrededor,"Pasean alrededor del parque.","Ils se promènent alrededor du parc."
76,parmi,entre,"Está entre sus amigos.","Elle se encuentra parmi ses amis."
77,pendant,durante,"Durante la reunión, habló.","Pendant la reunión, il a parlé."
78,malgré,a pesar de,"A pesar de la lluvia, salimos.","Malgré la pluie, nous sommes sortis."
79,durant,durante,"Durante el verano, hace calor.","Durant l'été, il fait chaud."
80,maison,casa,"La casa es hermosa.","La maison est belle."
81,livre,libro,"Leo un libro.","Je lis un livre."
82,chat,gato,"El gato duerme.","Le chat dort."
83,chien,perro,"El perro ladra.","Le chien aboie."
84,voiture,coche,"El coche es rápido.","La voiture est rapide."
85,école,escuela,"La escuela comienza a las ocho.","L'école commence à huit heures."
86,temps,tiempo,"El tiempo es bonito.","Le temps est beau."
87,jour,día,"Cada día cuenta.","Chaque jour compte."
88,nuit,noche,"La noche es silenciosa.","La nuit est silencieuse."
89,travail,trabajo,"El trabajo es importante.","Le travail est important."
90,argent,dinero,"Él gana dinero.","Il gagne de l'argent."
91,vie,vida,"La vida es bella.","La vie est belle."
92,amour,amor,"El amor es universal.","L'amour est universel."
93,ami,amigo,"Mi amigo es leal.","Mon ami est loyal."
94,famille,familia,"La familia es sagrada.","La famille est sacrée."
95,cœur,corazón,"El corazón late rápido.","Le cœur bat vite."
96,monde,mundo,"El mundo es vasto.","Le monde est vaste."
97,histoire,historia,"La historia se repite.","L'histoire se répète."
98,semaine,semana,"La semana es larga.","La semaine est longue."
99,année,año,"El próximo año será mejor.","L'année prochaine sera meilleure."
100,mère,madre,"Mi madre es amable.","Ma mère est gentille."
101,père,padre,"Mi padre trabaja duro.","Mon père travaille dur."
102,enfant,niño,"El niño juega en el jardín.","L'enfant joue dans le jardin."
103,frère,hermano,"Mi hermano es deportista.","Mon frère est sportif."
104,sœur,hermana,"Mi hermana ama leer.","Ma sœur aime lire."
105,homme,hombre,"El hombre es valiente.","L'homme est courageux."
106,femme,mujer,"La mujer es inteligente.","La femme est intelligente."
107,nourriture,comida,"La comida es deliciosa.","La nourriture est délicieuse."
108,eau,agua,"El agua está fría.","L'eau est froide."
109,rue,calle,"La calle está animada.","La rue est animée."
110,ville,ciudad,"La ciudad es moderna.","La ville est moderne."
111,pays,país,"Este país es magnífico.","Ce pays est magnifique."
112,langue,idioma,"El idioma francés es hermoso.","La langue française est belle."
113,musique,música,"La música suaviza las costumbres.","La musique adoucit les mœurs."
114,chanson,canción,"Esta canción es popular.","Cette chanson est populaire."
115,film,película,"La película fue cautivadora.","Le film était captivant."
116,photo,fotografía,"Tomé una buena fotografía.","J'ai pris une belle photo."
117,vacances,vacaciones,"Las vacaciones llegan pronto.","Les vacances arrivent bientôt."
118,bureau,oficina,"La oficina está en el centro.","Le bureau est en centre-ville."
119,restaurant,restaurante,"El restaurante sirve platos deliciosos.","Le restaurant sert des plats délicieux."
120,marché,mercado,"El mercado está lleno de colores.","Le marché est plein de couleurs."
121,couleur,color,"Me gusta el color azul.","J'aime la couleur bleue."
122,journal,periódico,"El periódico es diario.","Le journal est quotidien."
123,mot,palabra,"Cada palabra cuenta.","Chaque mot compte."
124,phrase,frase,"Esta frase es corta.","Cette phrase est courte."
125,question,pregunta,"La pregunta es simple.","La question est simple."
126,réponse,respuesta,"La respuesta era obvia.","La réponse était évidente."
127,problème,problema,"Hay un problema aquí.","Il y a un problème ici."
128,solution,solución,"Busquemos una solución.","Trouvons une solution."
129,idée,idea,"Es una buena idea.","C'est une bonne idée."
130,projet,proyecto,"El proyecto avanza bien.","Le projet avance bien."
131,emploi,empleo,"Busca un empleo.","Il cherche un emploi."
132,étudiant,estudiante,"El estudiante estudia para el examen.","L'étudiant étudie pour l'examen."
133,professeur,profesor,"El profesor explica la lección.","Le professeur explique la leçon."
134,université,universidad,"La universidad es prestigiosa.","L'université est prestigieuse."
135,classe,clase,"La clase está silenciosa.","La classe est silencieuse."
136,examen,examen,"El examen fue difícil.","L'examen était difficile."
137,salle,sala,"La sala es luminosa.","La salle est lumineuse."
138,porte,puerta,"La puerta está abierta.","La porte est ouverte."
139,fenêtre,ventana,"La ventana da al jardín.","La fenêtre donne sur le jardin."
140,table,mesa,"La mesa es de madera.","La table est en bois."
141,chaise,silla,"La silla es cómoda.","La chaise est confortable."
142,lit,cama,"La cama es acogedora.","Le lit est douillet."
143,chambre,habitación,"La habitación está limpia.","La chambre est propre."
144,cuisine,cocina,"La cocina huele bien.","La cuisine sent bon."
145,salle de bain,baño,"El baño es moderno.","La salle de bain est moderne."
146,vélo,bicicleta,"Va al trabajo en bicicleta.","Il va au travail à vélo."
147,train,tren,"El tren sale al mediodía.","Le train part à midi."
148,avion,avión,"El avión aterriza en el aeropuerto.","L'avion atterrit à l'aéroport."
149,bateau,barco,"El barco navega por el mar.","Le bateau navigue sur la mer."
150,route,carretera,"La carretera está despejada.","La route est dégagée."
151,chemin,camino,"Sigan el camino de tierra.","Suivez le chemin de tierra."
152,pont,puente,"El puente es viejo.","Le pont est vieux."
153,montagne,montaña,"La montaña es majestuosa.","La montagne est majestueuse."
154,rivière,río,"El río fluye pacíficamente.","La rivière coule paisiblement."
155,mer,mar,"El mar está tranquilo.","La mer est calme."
156,plage,playa,"La playa está llena en verano.","La plage est bondée en été."
157,soleil,sol,"El sol brilla.","Le soleil brille."
158,lune,luna,"La luna está llena.","La lune est pleine."
159,étoile,estrella,"La estrella brilla en la noche.","L'étoile brille dans la nuit."
160,ciel,cielo,"El cielo es azul.","Le ciel est bleu."
161,terre,tierra,"La tierra es fértil.","La terre est fertile."
162,nature,naturaleza,"La naturaleza es magnífica.","La nature est magnifique."
163,fleur,flor,"La flor huele bien.","La fleur sent bon."
164,arbre,árbol,"El árbol es antiguo.","L'arbre est ancien."
165,feuille,hoja,"La hoja cae en otoño.","La feuille tombe en automne."
166,vent,viento,"El viento sopla fuerte.","Le vent souffle fort."
167,pluie,lluvia,"La lluvia cae suavemente.","La pluie tombe doucement."
168,neige,nieve,"La nieve cubre la ciudad.","La neige recouvre la ville."
169,froid,frío,"Hace mucho frío.","Il fait très froid."
170,chaud,caliente,"Hace calor hoy.","Il fait chaud aujourd'hui."
171,hiver,invierno,"El invierno es duro.","L'hiver est rude."
172,été,verano,"El verano es soleado.","L'été est ensoleillé."
173,printemps,primavera,"La primavera trae flores.","Le printemps apporte des fleurs."
174,automne,otoño,"El otoño es colorido.","L'automne est coloré."
175,mois,mes,"El mes de enero es frío.","Le mois de janvier est froid."
176,décennie,década,"La década ha sido significativa.","La décennie a été marquante."
177,minute,minuto,"Espera un minuto.","Attends une minute."
178,seconde,segundo,"Cada segundo cuenta.","Chaque seconde compte."
179,heure,hora,"Son las tres.","Il est trois heures."
180,ordinateur,ordenador,"El ordenador está averiado.","L'ordinateur est en panne."
181,téléphone,teléfono,"El teléfono suena.","Le téléphone sonne."
182,internet,internet,"Internet es rápido hoy.","Internet est rapide aujourd'hui."
183,radio,radio,"La radio emite buena música.","La radio passe de la buena música."
184,télévision,televisión,"La televisión transmite las noticias.","La televisión diffuse les actualités."
185,apprendre,aprender,"Me gusta aprender francés.","J'aime apprendre le français."
186,enseigner,enseñar,"Ella enseña historia.","Elle enseigne l'histoire."
187,lire,leer,"Leo cada noche.","Je lis chaque soir."
188,écrire,escribir,"Le gusta escribir poemas.","Il aime écrire des poèmes."
189,parler,hablar,"Hablamos juntos.","Nous parlons ensemble."
190,écouter,escuchar,"Escucha la música.","Écoute la musique."
191,regarder,mirar,"Mira esta película.","Regarde ce film."
192,marcher,caminar,"Caminan en el parque.","Ils marchent dans le parc."
193,courir,correr,"Le gusta correr por la mañana.","Il aime courir le matin."
194,voyager,viajar,"Ella quiere viajar a España.","Elle veut voyager en Espagne."
195,acheter,comprar,"Voy a comprar un regalo.","Je vais acheter un cadeau."
196,vendre,vender,"Él vende verduras en el mercado.","Il vend des légumes au marché."
197,manger,comer,"Nos gusta comer juntos.","Nous aimons manger ensemble."
198,boire,beber,"Prefiero beber agua.","Je préfère boire de l'eau."
199,dormir,dormir,"El bebé duerme tranquilamente.","Le bébé dort paisiblement."
200,rêver,soñar,"Sueña con un futuro brillante.","Il rêve d'un avenir radieux."
201,soir,tarde,"Le soir, la ville s'illumine.","Por la tarde, la ciudad se ilumina."
202,matin,mañana,"Le matin, le soleil se lève.","Por la mañana, el sol se levanta."
203,beau,bonito,"Ce paysage est beau.","Este paisaje es bonito."
204,grand,grande,"Le bâtiment est grand.","El edificio es grande."
205,petit,pequeño,"Le chat est petit.","El gato es pequeño."
206,jeune,joven,"Le garçon est jeune.","El niño es joven."
207,vieux,viejo,"La tradition est vieille.","La tradición es vieja."
208,nouveau,nuevo,"C'est un nouveau départ.","Es un nuevo comienzo."
209,bon,bueno,"C'est un bon repas.","Es una buena comida."
210,mauvais,malo,"Il a fait une mauvaise erreur.","Cometió un error malo."
211,long,largo,"C'est une longue journée.","Es un día largo."
212,court,corto,"Le film était court.","La película fue corta."
213,rapide,rápido,"Ce service est rapide.","Este servicio es rápido."
214,lent,lento,"Le train est lent.","El tren es lento."
215,facile,fácil,"Cet exercice est facile.","Este ejercicio es fácil."
216,difficile,difícil,"Le problème est difficile.","El problema es difícil."
217,fort,fuerte,"Il a une forte présence.","Tiene una fuerte presencia."
218,faible,débil,"Sa voix est faible.","Su voz es débil."
219,propre,limpio,"La cuisine est propre.","La cocina está limpia."
220,sale,sucio,"Les vêtements sont sales.","La ropa está sucia."
221,cher,caro,"Ce produit est cher.","Este producto es caro."
222,bon marché,barato,"Ils vendent des articles bon marché.","Venden artículos baratos."
223,riche,rico,"Il est riche en expériences.","Él es rico en experiencias."
224,pauvre,pobre,"La famille est pauvre.","La familia es pobre."
225,occupé,ocupado,"Il est très occupé aujourd'hui.","Está muy ocupado hoy."
226,libre,libre,"Je suis libre ce soir.","Estoy libre esta noche."
227,content,contento,"Elle est contente de sa réussite.","Ella está contenta de su éxito."
228,triste,triste,"Il se sent triste.","Se siente triste."
229,heureux,feliz,"Elle est heureuse aujourd'hui.","Ella está feliz hoy."
230,fâché,enojado,"Il est fâché contre son frère.","Está enojado con su hermano."
231,surpris,sorprendido,"Elle était surprise par la nouvelle.","Ella estaba sorprendida por la noticia."
232,calme,tranquilo,"Le lac est calme.","El lago está tranquilo."
233,bruyant,ruidoso,"Le marché est bruyant.","El mercado está ruidoso."
234,solitaire,solitario,"Il aime les endroits solitaires.","Le gusta los lugares solitarios."
235,animé,animado,"Le quartier est animé la nuit.","El barrio es animado por la noche."
236,vite,rápidamente,"Il court vite.","Él corre rápidamente."
237,doucement,suavemente,"Parle doucement, s'il te plaît.","Habla suavemente, por favor."
238,bien sûr,por supuesto,"Bien sûr, je viendrai.","Por supuesto, vendré."
239,probablement,probablemente,"Il viendra probablement demain.","Probablemente vendrá mañana."
240,vraiment,realmente,"Je suis vraiment surpris.","Estoy realmente sorprendido."
241,ensemble,juntos,"Ils travaillent ensemble.","Trabajan juntos."
242,seul,solo,"Il préfère être seul.","Prefiere estar solo."
243,quelquefois,a veces,"Je visite quelquefois mes amis.","A veces visito a mis amigos."
244,souvent,a menudo,"Elle va souvent au marché.","Ella va a menudo al mercado."
245,rarement,raramente,"Il se déplace rarement en métro.","Raramente viaja en metro."
246,autrement,de otra manera,"Fais-le autrement.","Hazlo de otra manera."
247,demain,mañana,"Nous partirons demain.","Saldremos mañana."
248,hier,ayer,"J'ai vu un film hier.","Vi una película ayer."
249,bientôt,pronto,"Il arrivera bientôt.","Llegará pronto."
250,tard,tarde,"Il est arrivé trop tard.","Llegó demasiado tarde."
251,tôt,temprano,"Elle se lève tôt.","Ella se levanta temprano."
252,presque,casi,"Il a presque fini son travail.","Casi ha terminado su trabajo."
253,simple,simple,"La solution est simple.","La solución es simple."
254,complexe,complejo,"Le problème est complexe.","El problema es complejo."
255,différent,diferente,"Chaque personne est différente.","Cada persona es diferente."
256,identique,idéntico,"Les jumeaux sont identiques.","Los gemelos son idénticos."
257,similaire,similar,"Leur opinion est similaire.","Su opinión es similar."
258,même,mismo,"Nous avons les mêmes idées.","Tenemos las mismas ideas."
259,diffus,difuso,"La lumière est diffuse.","La luz es difusa."
260,net,nítido,"L'image est nette.","La imagen es nítida."
261,flou,borroso,"La photo est floue.","La foto está borrosa."
262,profond,profundo,"Le lac est profond.","El lago es profundo."
263,superficiel,superficial,"La réflexion est superficielle.","La reflexión es superficial."
264,utile,útil,"C'est un conseil utile.","Es un consejo útil."
265,inutile,inútil,"Cette information est inutile.","Esta información es inútil."
266,important,importante,"Il a un rôle important.","Tiene un papel importante."
267,secondaire,secundario,"Ce détail est secondaire.","Ese detalle es secundario."
268,principal,principal,"Le problème principal est compliqué.","El problema principal es complicado."
269,simultané,simultáneo,"Les événements se produisent simultanément.","Los eventos ocurren simultáneamente."
270,sérieux,serio,"C'est un étudiant sérieux.","Es un estudiante serio."
271,drôle,divertido,"Cette histoire est drôle.","Esta historia es divertida."
272,bizarre,extraño,"Il a un comportement bizarre.","Tiene un comportamiento extraño."
273,normal,normal,"C'est une journée normale.","Es un día normal."
274,habituel,habitual,"Son trajet habituel est court.","Su trayecto habitual es corto."
275,rare,raro,"C'est un événement rare.","Es un evento raro."
276,commun,común,"Ils partagent un intérêt commun.","Comparten un interés común."
277,possible,posible,"Tout est possible.","Todo es posible."
278,impossible,imposible,"C'est impossible de prédire l'avenir.","Es imposible predecir el futuro."
279,probable,probable,"C'est une issue probable.","Es un resultado probable."
280,certain,cierto,"Il est certain de sa victoire.","Está cierto de su victoria."
281,incertain,incierto,"Le résultat reste incertain.","El resultado sigue siendo incierto."
282,vrai,verdadero,"C'est la vérité vraie.","Es la verdad verdadera."
283,faux,falso,"Cette information est fausse.","Esa información es falsa."
284,exact,exacto,"La mesure est exacte.","La medida es exacta."
285,approximatif,aproximado,"Le calcul est approximatif.","El cálculo es aproximado."
286,optimal,óptimo,"C'est la solution optimale.","Es la solución óptima."
287,minime,mínimo,"Les dégâts sont minimes.","Los daños son mínimos."
288,maximal,máximo,"La vitesse maximale est atteinte.","Se alcanza la velocidad máxima."
289,essentiel,esencial,"Il est essentiel de comprendre.","Es esencial comprender."
290,substantiel,sustancial,"Il y a un changement substantiel.","Hay un cambio sustancial."
291,minuscule,minúsculo,"La quantité est minuscule.","La cantidad es minúscula."
292,illimité,ilimitado,"L'accès est illimité.","El acceso es ilimitado."
293,limité,limitado,"Le temps est limité.","El tiempo es limitado."
294,ancien,antiguo,"La ville a un charme ancien.","La ciudad tiene un encanto antiguo."
295,moderne,moderno,"Le bâtiment est moderne.","El edificio es moderno."
296,traditionnel,tradicional,"Ils préservent les valeurs traditionnelles.","Preservan los valores tradicionales."
297,étonnant,asombroso,"Le spectacle était étonnant.","El espectáculo fue asombroso."
298,merveilleux,maravilloso,"C'est un jour merveilleux.","Es un día maravilloso."
299,fantastique,fantástico,"La fête était fantastique.","La fiesta fue fantástica."
300,formidable,formidable,"Il a fait un travail formidable.","Hizo un trabajo formidable."
301,excellent,excelente,"Le repas était excellent.","La comida fue excelente."
302,moyen,medio,"La qualité est moyenne.","La calidad es media."
303,agréable,agradable,"L'atmosphère est très agréable.","El ambiente es muy agradable."
304,désagréable,desagradable,"Le temps est désagréable aujourd'hui.","El clima es desagradable hoy."
305,brillant,brillante,"La solution est brillante.","La solución es brillante."
306,obscur,oscuro,"La pièce est obscure.","La habitación es oscura."
307,clair,claro,"Le ciel est clair aujourd'hui.","El cielo está claro hoy."
308,sombre,sombrío,"L'ambiance est sombre.","El ambiente es sombrío."
309,lumineux,luminoso,"La chambre est lumineuse.","La habitación es luminosa."
310,arrondi,redondeado,"Le bord est arrondi.","El borde es redondeado."
311,pointu,puntiagudo,"Le crayon est pointu.","El lápiz está puntiagudo."
312,lisse,liso,"Le tissu est lisse.","La tela es lisa."
313,rugueux,rugoso,"La pierre est rugueuse.","La piedra es rugosa."
314,doué,dotado,"Il est doué en musique.","Está dotado de talento musical."
315,talentueux,talentoso,"Elle est talentueuse en danse.","Ella es talentosa en baile."
316,créatif,creativo,"Il est très créatif.","Es muy creativo."
317,innovateur,innovador,"C'est un esprit innovateur.","Es una mente innovadora."
318,logique,lógico,"Sa pensée est logique.","Su pensamiento es lógico."
319,analytique,analítico,"Il a une approche analytique.","Tiene un enfoque analítico."
320,pragmatique,pragmático,"Elle adopte une méthode pragmatique.","Adopta un método pragmático."
321,théorique,teórico,"La discussion est théorique.","La discusión es teórica."
322,abstrait,abstracto,"L'art abstrait intrigue beaucoup.","El arte abstracto intriga mucho."
323,concret,concreto,"Les faits concrets sont importants.","Los hechos concretos son importantes."
324,global,global,"Le problème est global.","El problema es global."
325,local,local,"La nouvelle est locale.","La noticia es local."
326,particulier,particular,"Il a un style particulier.","Tiene un estilo particular."
327,général,general,"La règle est générale.","La regla es general."
328,spécifique,específico,"Les détails sont spécifiques.","Los detalles son específicos."
329,vague,vago,"Sa réponse est vague.","Su respuesta es vaga."
330,précis,preciso,"Les instructions sont précises.","Las instrucciones son precisas."
331,inédit,inédito,"C'est une idée inédite.","Es una idea inédita."
332,original,original,"Son style est original.","Su estilo es original."
333,usuel,usual,"C'est le mode usuel de fonctionnement.","Es el modo usual de funcionamiento."
334,fréquent,frecuente,"Ce phénomène est fréquent.","Este fenómeno es frecuente."
335,occasionnel,ocasional,"Les rencontres sont occasionnelles.","Los encuentros son ocasionales."
336,constant,constante,"Sa présence est constante.","Su presencia es constante."
337,variable,variable,"La température est variable.","La temperatura es variable."
338,invariable,invariable,"Les règles sont invariables.","Las reglas son invariables."
339,changement,cambio,"Le changement est inévitable.","El cambio es inevitable."
340,avenir,futuro,"L'avenir est incertain.","El futuro es incierto."
341,passé,pasado,"Le passé est révolu.","El pasado es pasado."
342,présent,presente,"Vivez dans le présent.","Vive el presente."
343,rêveur,soñador,"Il est un homme rêveur.","Es un hombre soñador."
344,logement,vivienda,"Le logement est cher en ville.","La vivienda es cara en la ciudad."
345,travailleur,trabajador,"C'est un employé travailleur.","Es un empleado trabajador."
346,enseignant,maestro,"L'enseignant explique la leçon.","El maestro explica la lección."
347,médecin,médico,"Le médecin soigne ses patients.","El médico atiende a sus pacientes."
348,avocat,abogado,"L'avocat défend son client.","El abogado defiende a su cliente."
349,ingénieur,ingeniero,"L'ingénieur conçoit des ponts.","El ingeniero diseña puentes."
350,artiste,artista,"L'artiste peint un tableau.","El artista pinta un cuadro."
351,journaliste,periodista,"Le journaliste écrit un article.","El periodista escribe un artículo."
352,directeur,director,"Le directeur gère l'entreprise.","El director dirige la empresa."
353,chef,jefe,"Le chef cuisine un repas délicieux.","El jefe prepara una comida deliciosa."
354,voisin,vecino,"Le voisin est sympathique.","El vecino es simpático."
355,client,cliente,"Le client est satisfait.","El cliente está satisfecho."
356,marchand,comerciante,"Le marchand vend des fruits.","El comerciante vende frutas."
357,politique,político,"Le politique fait un discours.","El político da un discurso."
358,démocratie,democracia,"La démocratie est fondamentale.","La democracia es fundamental."
359,économie,economía,"L'économie mondiale est en croissance.","La economía mundial está en crecimiento."
360,commerce,comercio,"Le commerce international s'intensifie.","El comercio internacional se intensifica."
361,industrie,industria,"L'industrie automobile est compétitive.","La industria automotriz es competitiva."
362,technologie,tecnología,"La technologie progresse rapidement.","La tecnología progresa rápidamente."
363,innovation,innovación,"L'innovation est la clé du succès.","La innovación es la clave del éxito."
364,réseau,red,"Le réseau informatique est sécurisé.","La red informática está segura."
365,information,información,"L'information circule rapidement.","La información circula rápidamente."
366,communication,comunicación,"La communication est essentielle.","La comunicación es esencial."
367,message,mensaje,"Il a laissé un message.","Dejó un mensaje."
368,motif,motivo,"Le motif de la réunion est clair.","El motivo de la reunión es claro."
369,objectif,objetivo,"Son objectif est ambitieux.","Su objetivo es ambicioso."
370,plan,plan,"Le plan a été approuvé.","El plan fue aprobado."
371,stratégie,estrategia,"La stratégie est bien définie.","La estrategia está bien definida."
372,résultat,resultado,"Le résultat est satisfaisant.","El resultado es satisfactorio."
373,succès,éxito,"Le succès dépend de l'effort.","El éxito depende del esfuerzo."
374,échec,fracaso,"L'échec est une leçon.","El fracaso es una lección."
375,compétition,competencia,"La compétition est rude.","La competencia es dura."
376,partenaire,socio,"Elle est ma partenaire de travail.","Ella es mi socia de trabajo."
377,relation,relación,"La relation est forte.","La relación es fuerte."
378,communauté,comunidad,"La communauté se rassemble.","La comunidad se reúne."
379,culture,cultura,"La culture enrichit l'esprit.","La cultura enriquece la mente."
380,tradition,tradición,"La tradition est respectée.","La tradición es respetada."
381,légende,leyenda,"La légende raconte une histoire fascinante.","La leyenda cuenta una historia fascinante."
382,mythe,mito,"Le mythe est ancien.","El mito es antiguo."
383,science,ciencia,"La science avance rapidement.","La ciencia avanza rápidamente."
384,médecine,medicina,"La médecine sauve des vies.","La medicina salva vidas."
385,loisir,ocio,"Le loisir est important pour se détendre.","El ocio es importante para relajarse."
386,divertissement,entretenimiento,"Le divertissement rassemble les gens.","El entretenimiento une a la gente."
387,repos,descanso,"Après le travail, il cherche le repos.","Después del trabajo, busca el descanso."
388,régime,régimen,"Elle suit un régime strict.","Sigue un régimen estricto."
389,recette,receta,"La recette est simple.","La receta es sencilla."
390,ingrédient,ingrediente,"Chaque ingrédient compte.","Cada ingrediente cuenta."
391,saveur,sabor,"La saveur de ce plat est exquise.","El sabor de este plato es exquisito."
392,arôme,aroma,"L'arôme du café est enivrant.","El aroma del café es embriagador."
393,texture,textura,"La texture du pain est croustillante.","La textura del pan es crujiente."
394,poids,peso,"Le poids du colis est léger.","El peso del paquete es ligero."
395,taille,tamaño,"La taille de la maison est impressionnante.","El tamaño de la casa es impresionante."
396,longueur,longitud,"La longueur du fleuve est remarquable.","La longitud del río es notable."
397,largeur,anchura,"La largeur de la rue est suffisante.","La anchura de la calle es suficiente."
398,hauteur,altura,"La hauteur de la tour est vertigineuse.","La altura de la torre es vertiginosa."
399,progrès,progreso,"Le progrès technologique continue.","El progreso tecnológico continúa."
400,avenir,futuro,"Le futur s'annonce prometteur.","El futuro se muestra prometedor."
401,faire,hacer,El verbo "hacer" se utiliza en la vida diaria.,Le verbe "faire" est utilisé dans la vie quotidienne.
402,dire,decir,El verbo "decir" se utiliza en la vida diaria.,Le verbe "dire" est utilisé dans la vie quotidienne.
403,venir,venir,El verbo "venir" se utiliza en la vida diaria.,Le verbe "venir" est utilisé dans la vie quotidienne.
404,prendre,tomar,El verbo "tomar" se utiliza en la vida diaria.,Le verbe "prendre" est utilisé dans la vie quotidienne.
405,mettre,poner,El verbo "poner" se utiliza en la vida diaria.,Le verbe "mettre" est utilisé dans la vie quotidienne.
406,savoir,saber,El verbo "saber" se utiliza en la vida diaria.,Le verbe "savoir" est utilisé dans la vie quotidienne.
407,pouvoir,poder,El verbo "poder" se utiliza en la vida diaria.,Le verbe "pouvoir" est utilisé dans la vie quotidienne.
408,vouloir,querer,El verbo "querer" se utiliza en la vida diaria.,Le verbe "vouloir" est utilisé dans la vie quotidienne.
409,devoir,deber,El verbo "deber" se utiliza en la vida diaria.,Le verbe "devoir" est utilisé dans la vie quotidienne.
410,voir,ver,El verbo "ver" se utiliza en la vida diaria.,Le verbe "voir" est utilisé dans la vie quotidienne.
411,croire,creer,El verbo "creer" se utiliza en la vida diaria.,Le verbe "croire" est utilisé dans la vie quotidienne.
412,comprendre,comprender,El verbo "comprender" se utiliza en la vida diaria.,Le verbe "comprendre" est utilisé dans la vie quotidienne.
413,connaître,conocer,El verbo "conocer" se utiliza en la vida diaria.,Le verbe "connaître" est utilisé dans la vie quotidienne.
414,sembler,parecer,El verbo "parecer" se utiliza en la vida diaria.,Le verbe "sembler" est utilisé dans la vie quotidienne.
415,paraître,aparentar,El verbo "aparentar" se utiliza en la vida diaria.,Le verbe "paraître" est utilisé dans la vie quotidienne.
416,rester,quedarse,El verbo "quedarse" se utiliza en la vida diaria.,Le verbe "rester" est utilisé dans la vie quotidienne.
417,devenir,convertirse,El verbo "convertirse" se utiliza en la vida diaria.,Le verbe "devenir" est utilisé dans la vie quotidienne.
418,arriver,llegar,El verbo "llegar" se utiliza en la vida diaria.,Le verbe "arriver" est utilisé dans la vie quotidienne.
419,partir,partir,El verbo "partir" se utiliza en la vida diaria.,Le verbe "partir" est utilisé dans la vie quotidienne.
420,entrer,entrar,El verbo "entrar" se utiliza en la vida diaria.,Le verbe "entrer" est utilisé dans la vie quotidienne.
421,sortir,salir,El verbo "salir" se utiliza en la vida diaria.,Le verbe "sortir" est utilisé dans la vie quotidienne.
422,monter,subir,El verbo "subir" se utiliza en la vida diaria.,Le verbe "monter" est utilisé dans la vie quotidienne.
423,descendre,bajar,El verbo "bajar" se utiliza en la vida diaria.,Le verbe "descendre" est utilisé dans la vie quotidienne.
424,revenir,volver,El verbo "volver" se utiliza en la vida diaria.,Le verbe "revenir" est utilisé dans la vie quotidienne.
425,retourner,regresar,El verbo "regresar" se utiliza en la vida diaria.,Le verbe "retourner" est utilisé dans la vie quotidienne.
426,passer,pasar,El verbo "pasar" se utiliza en la vida diaria.,Le verbe "passer" est utilisé dans la vie quotidienne.
427,continuer,continuar,El verbo "continuar" se utiliza en la vida diaria.,Le verbe "continuer" est utilisé dans la vie quotidienne.
428,arrêter,detener,El verbo "detener" se utiliza en la vida diaria.,Le verbe "arrêter" est utilisé dans la vie quotidienne.
429,commencer,comenzar,El verbo "comenzar" se utiliza en la vida diaria.,Le verbe "commencer" est utilisé dans la vie quotidienne.
430,finir,terminar,El verbo "terminar" se utiliza en la vida diaria.,Le verbe "finir" est utilisé dans la vie quotidienne.
431,laisser,dejar,El verbo "dejar" se utiliza en la vida diaria.,Le verbe "laisser" est utilisé dans la vie quotidienne.
432,recevoir,recibir,El verbo "recibir" se utiliza en la vida diaria.,Le verbe "recevoir" est utilisé dans la vie quotidienne.
433,donner,dar,El verbo "dar" se utiliza en la vida diaria.,Le verbe "donner" est utilisé dans la vie quotidienne.
434,chercher,buscar,El verbo "buscar" se utiliza en la vida diaria.,Le verbe "chercher" est utilisé dans la vie quotidienne.
435,trouver,encontrar,El verbo "encontrar" se utiliza en la vida diaria.,Le verbe "trouver" est utilisé dans la vie quotidienne.
436,perdre,perder,El verbo "perder" se utiliza en la vida diaria.,Le verbe "perdre" est utilisé dans la vie quotidienne.
437,gagner,ganar,El verbo "ganar" se utiliza en la vida diaria.,Le verbe "gagner" est utilisé dans la vie quotidienne.
438,payer,pagar,El verbo "pagar" se utiliza en la vida diaria.,Le verbe "payer" est utilisé dans la vie quotidienne.
439,coûter,costar,El verbo "costar" se utiliza en la vida diaria.,Le verbe "coûter" est utilisé dans la vie quotidienne.
440,envoyer,enviar,El verbo "enviar" se utiliza en la vida diaria.,Le verbe "envoyer" est utilisé dans la vie quotidienne.
441,appeler,llamar,El verbo "llamar" se utiliza en la vida diaria.,Le verbe "appeler" est utilisé dans la vie quotidienne.
442,utiliser,usar,El verbo "usar" se utiliza en la vida diaria.,Le verbe "utiliser" est utilisé dans la vie quotidienne.
443,travailler,trabajar,El verbo "trabajar" se utiliza en la vida diaria.,Le verbe "travailler" est utilisé dans la vie quotidienne.
444,étudier,estudiar,El verbo "estudiar" se utiliza en la vida diaria.,Le verbe "étudier" est utilisé dans la vie quotidienne.
445,changer,cambiar,El verbo "cambiar" se utiliza en la vida diaria.,Le verbe "changer" est utilisé dans la vie quotidienne.
446,penser,pensar,El verbo "pensar" se utiliza en la vida diaria.,Le verbe "penser" est utilisé dans la vie quotidienne.
447,imaginer,imaginar,El verbo "imaginar" se utiliza en la vida diaria.,Le verbe "imaginer" est utilisé dans la vie quotidienne.
448,espérer,esperar,El verbo "esperar" se utiliza en la vida diaria.,Le verbe "espérer" est utilisé dans la vie quotidienne.
449,souhaiter,desear,El verbo "desear" se utiliza en la vida diaria.,Le verbe "souhaiter" est utilisé dans la vie quotidienne.
450,reconnaître,reconocer,El verbo "reconocer" se utiliza en la vida diaria.,Le verbe "reconnaître" est utilisé dans la vie quotidienne.
451,se souvenir,recordar,El verbo "recordar" se utiliza en la vida diaria.,Le verbe "se souvenir" est utilisé dans la vie quotidienne.
452,oublier,olvidar,El verbo "olvidar" se utiliza en la vida diaria.,Le verbe "oublier" est utilisé dans la vie quotidienne.
453,se lever,levantarse,El verbo "levantarse" se utiliza en la vida diaria.,Le verbe "se lever" est utilisé dans la vie quotidienne.
454,s'asseoir,sentarse,El verbo "sentarse" se utiliza en la vida diaria.,Le verbe "s'asseoir" est utilisé dans la vie quotidienne.
455,se coucher,acostarse,El verbo "acostarse" se utiliza en la vida diaria.,Le verbe "se coucher" est utilisé dans la vie quotidienne.
456,se réveiller,despertarse,El verbo "despertarse" se utiliza en la vida diaria.,Le verbe "se réveiller" est utilisé dans la vie quotidienne.
457,se doucher,ducharse,El verbo "ducharse" se utiliza en la vida diaria.,Le verbe "se doucher" est utilisé dans la vie quotidienne.
458,se maquiller,maquillarse,El verbo "maquillarse" se utiliza en la vida diaria.,Le verbe "se maquiller" est utilisé dans la vie quotidienne.
459,se raser,afeitarse,El verbo "afeitarse" se utiliza en la vida diaria.,Le verbe "se raser" est utilisé dans la vie quotidienne.
460,s'habiller,vestirse,El verbo "vestirse" se utiliza en la vida diaria.,Le verbe "s'habiller" est utilisé dans la vie quotidienne.
461,se déshabiller,desvestirse,El verbo "desvestirse" se utiliza en la vida diaria.,Le verbe "se déshabiller" est utilisé dans la vie quotidienne.
462,se reposer,descansar,El verbo "descansar" se utiliza en la vida diaria.,Le verbe "se reposer" est utilisé dans la vie quotidienne.
463,se promener,pasear,El verbo "pasear" se utiliza en la vida diaria.,Le verbe "se promener" est utilisé dans la vie quotidienne.
464,sauter,saltar,El verbo "saltar" se utiliza en la vida diaria.,Le verbe "sauter" est utilisé dans la vie quotidienne.
465,nager,nadar,El verbo "nadar" se utiliza en la vida diaria.,Le verbe "nager" est utilisé dans la vie quotidienne.
466,voler,volar,El verbo "volar" se utiliza en la vida diaria.,Le verbe "voler" est utilisé dans la vie quotidienne.
467,tomber,caer,El verbo "caer" se utiliza en la vida diaria.,Le verbe "tomber" est utilisé dans la vie quotidienne.
468,ouvrir,abrir,El verbo "abrir" se utiliza en la vida diaria.,Le verbe "ouvrir" est utilisé dans la vie quotidienne.
469,fermer,cerrar,El verbo "cerrar" se utiliza en la vida diaria.,Le verbe "fermer" est utilisé dans la vie quotidienne.
470,prendre soin,cuidar,El verbo "cuidar" se utiliza en la vida diaria.,Le verbe "prendre soin" est utilisé dans la vie quotidienne.
471,garder,guardar,El verbo "guardar" se utiliza en la vida diaria.,Le verbe "garder" est utilisé dans la vie quotidienne.
472,abandonner,abandonar,El verbo "abandonar" se utiliza en la vida diaria.,Le verbe "abandonner" est utilisé dans la vie quotidienne.
473,attendre,aguardar,El verbo "aguardar" se utiliza en la vida diaria.,Le verbe "attendre" est utilisé dans la vie quotidienne.
474,expliquer,explicar,El verbo "explicar" se utiliza en la vida diaria.,Le verbe "expliquer" est utilisé dans la vie quotidienne.
475,montrer,mostrar,El verbo "mostrar" se utiliza en la vida diaria.,Le verbe "montrer" est utilisé dans la vie quotidienne.
476,raconter,contar,El verbo "contar" se utiliza en la vida diaria.,Le verbe "raconter" est utilisé dans la vie quotidienne.
477,décrire,describir,El verbo "describir" se utiliza en la vida diaria.,Le verbe "décrire" est utilisé dans la vie quotidienne.
478,discuter,discutir,El verbo "discutir" se utiliza en la vida diaria.,Le verbe "discuter" est utilisé dans la vie quotidienne.
479,converser,conversar,El verbo "conversar" se utiliza en la vida diaria.,Le verbe "converser" est utilisé dans la vie quotidienne.
480,négocier,negociar,El verbo "negociar" se utiliza en la vida diaria.,Le verbe "négocier" est utilisé dans la vie quotidienne.
481,conseiller,aconsejar,El verbo "aconsejar" se utiliza en la vida diaria.,Le verbe "conseiller" est utilisé dans la vie quotidienne.
482,aider,ayudar,El verbo "ayudar" se utiliza en la vida diaria.,Le verbe "aider" est utilisé dans la vie quotidienne.
483,servir,servir,El verbo "servir" se utiliza en la vida diaria.,Le verbe "servir" est utilisé dans la vie quotidienne.
484,construire,construir,El verbo "construir" se utiliza en la vida diaria.,Le verbe "construire" est utilisé dans la vie quotidienne.
485,réparer,reparar,El verbo "reparar" se utiliza en la vida diaria.,Le verbe "réparer" est utilisé dans la vie quotidienne.
486,détruire,destruir,El verbo "destruir" se utiliza en la vida diaria.,Le verbe "détruire" est utilisé dans la vie quotidienne.
487,nettoyer,limpiar,El verbo "limpiar" se utiliza en la vida diaria.,Le verbe "nettoyer" est utilisé dans la vie quotidienne.
488,cuisiner,cocinar,El verbo "cocinar" se utiliza en la vida diaria.,Le verbe "cuisiner" est utilisé dans la vie quotidienne.
489,préparer,preparar,El verbo "preparar" se utiliza en la vida diaria.,Le verbe "préparer" est utilisé dans la vie quotidienne.
490,goûter,probar,El verbo "probar" se utiliza en la vida diaria.,Le verbe "goûter" est utilisé dans la vie quotidienne.
491,choisir,elegir,El verbo "elegir" se utiliza en la vida diaria.,Le verbe "choisir" est utilisé dans la vie quotidienne.
492,décider,decidir,El verbo "decidir" se utiliza en la vida diaria.,Le verbe "décider" est utilisé dans la vie quotidienne.
493,transformer,transformar,El verbo "transformar" se utiliza en la vida diaria.,Le verbe "transformer" est utilisé dans la vie quotidienne.
494,améliorer,mejorar,El verbo "mejorar" se utiliza en la vida diaria.,Le verbe "améliorer" est utilisé dans la vie quotidienne.
495,attaquer,atacar,El verbo "atacar" se utiliza en la vida diaria.,Le verbe "attaquer" est utilisé dans la vie quotidienne.
496,défendre,defender,El verbo "defender" se utiliza en la vida diaria.,Le verbe "défendre" est utilisé dans la vie quotidienne.
497,protéger,proteger,El verbo "proteger" se utiliza en la vida diaria.,Le verbe "protéger" est utilisé dans la vie quotidienne.
498,juger,juzgar,El verbo "juzgar" se utiliza en la vida diaria.,Le verbe "juger" est utilisé dans la vie quotidienne.
499,critiquer,criticar,El verbo "criticar" se utiliza en la vida diaria.,Le verbe "critiquer" est utilisé dans la vie quotidienne.
500,louer,elogiar,El verbo "elogiar" se utiliza en la vida diaria.,Le verbe "louer" est utilisé dans la vie quotidienne.
501,remercier,agradecer,El verbo "agradecer" se utiliza en la vida diaria.,Le verbe "remercier" est utilisé dans la vie quotidienne.
502,pardonner,perdonar,El verbo "perdonar" se utiliza en la vida diaria.,Le verbe "pardonner" est utilisé dans la vie quotidienne.
503,aimer,amar,El verbo "amar" se utiliza en la vida diaria.,Le verbe "aimer" est utilisé dans la vie quotidienne.
504,détester,odiar,El verbo "odiar" se utiliza en la vida diaria.,Le verbe "détester" est utilisé dans la vie quotidienne.
505,admirer,admirar,El verbo "admirar" se utiliza en la vida diaria.,Le verbe "admirer" est utilisé dans la vie quotidienne.
506,respecter,respetar,El verbo "respetar" se utiliza en la vida diaria.,Le verbe "respecter" est utilisé dans la vie quotidienne.
507,apprécier,apreciar,El verbo "apreciar" se utiliza en la vida diaria.,Le verbe "apprécier" est utilisé dans la vie quotidienne.
508,clarifier,aclarar,El verbo "aclarar" se utiliza en la vida diaria.,Le verbe "clarifier" est utilisé dans la vie quotidienne.
509,signaler,señalar,El verbo "señalar" se utiliza en la vida diaria.,Le verbe "signaler" est utilisé dans la vie quotidienne.
510,annoncer,anunciar,El verbo "anunciar" se utiliza en la vida diaria.,Le verbe "annoncer" est utilisé dans la vie quotidienne.
511,confirmer,confirmar,El verbo "confirmar" se utiliza en la vida diaria.,Le verbe "confirmer" est utilisé dans la vie quotidienne.
512,nier,negar,El verbo "negar" se utiliza en la vida diaria.,Le verbe "nier" est utilisé dans la vie quotidienne.
513,admettre,admitir,El verbo "admitir" se utiliza en la vida diaria.,Le verbe "admettre" est utilisé dans la vie quotidienne.
514,supposer,suponer,El verbo "suponer" se utiliza en la vida diaria.,Le verbe "supposer" est utilisé dans la vie quotidienne.
515,inventer,inventar,El verbo "inventar" se utiliza en la vida diaria.,Le verbe "inventer" est utilisé dans la vie quotidienne.
516,créer,crear,El verbo "crear" se utiliza en la vida diaria.,Le verbe "créer" est utilisé dans la vie quotidienne.
517,organiser,organizar,El verbo "organizar" se utiliza en la vida diaria.,Le verbe "organiser" est utilisé dans la vie quotidienne.
518,planifier,planificar,El verbo "planificar" se utiliza en la vida diaria.,Le verbe "planifier" est utilisé dans la vie quotidienne.
519,programmer,programar,El verbo "programar" se utiliza en la vida diaria.,Le verbe "programmer" est utilisé dans la vie quotidienne.
520,coder,codificar,El verbo "codificar" se utiliza en la vida diaria.,Le verbe "coder" est utilisé dans la vie quotidienne.
521,tester,testear,El verbo "testear" se utiliza en la vida diaria.,Le verbe "tester" est utilisé dans la vie quotidienne.
522,développer,desarrollar,El verbo "desarrollar" se utiliza en la vida diaria.,Le verbe "développer" est utilisé dans la vie quotidienne.
523,optimiser,optimizar,El verbo "optimizar" se utiliza en la vida diaria.,Le verbe "optimiser" est utilisé dans la vie quotidienne.
524,réduire,reducir,El verbo "reducir" se utiliza en la vida diaria.,Le verbe "réduire" est utilisé dans la vie quotidienne.
525,augmenter,aumentar,El verbo "aumentar" se utiliza en la vida diaria.,Le verbe "augmenter" est utilisé dans la vie quotidienne.
526,multiplier,multiplicar,El verbo "multiplicar" se utiliza en la vida diaria.,Le verbe "multiplier" est utilisé dans la vie quotidienne.
527,diviser,dividir,El verbo "dividir" se utiliza en la vida diaria.,Le verbe "diviser" est utilisé dans la vie quotidienne.
528,additionner,sumar,El verbo "sumar" se utiliza en la vida diaria.,Le verbe "additionner" est utilisé dans la vie quotidienne.
529,soustraire,restar,El verbo "restar" se utiliza en la vida diaria.,Le verbe "soustraire" est utilisé dans la vie quotidienne.
530,calculer,calcular,El verbo "calcular" se utiliza en la vida diaria.,Le verbe "calculer" est utilisé dans la vie quotidienne.
531,mesurer,medir,El verbo "medir" se utiliza en la vida diaria.,Le verbe "mesurer" est utilisé dans la vie quotidienne.
532,comparer,comparar,El verbo "comparar" se utiliza en la vida diaria.,Le verbe "comparer" est utilisé dans la vie quotidienne.
533,analyser,analizar,El verbo "analizar" se utiliza en la vida diaria.,Le verbe "analyser" est utilisé dans la vie quotidienne.
534,observer,observar,El verbo "observar" se utiliza en la vida diaria.,Le verbe "observer" est utilisé dans la vie quotidienne.
535,rechercher,investigar,El verbo "investigar" se utiliza en la vida diaria.,Le verbe "rechercher" est utilisé dans la vie quotidienne.
536,découvrir,descubrir,El verbo "descubrir" se utiliza en la vida diaria.,Le verbe "découvrir" est utilisé dans la vie quotidienne.
537,explorer,explorar,El verbo "explorar" se utiliza en la vida diaria.,Le verbe "explorer" est utilisé dans la vie quotidienne.
538,visiter,visitar,El verbo "visitar" se utiliza en la vida diaria.,Le verbe "visiter" est utilisé dans la vie quotidienne.
539,séjourner,alojarse,El verbo "alojarse" se utiliza en la vida diaria.,Le verbe "séjourner" est utilisé dans la vie quotidienne.
540,habiter,habitar,El verbo "habitar" se utiliza en la vida diaria.,Le verbe "habiter" est utilisé dans la vie quotidienne.
541,déménager,mudarse,El verbo "mudarse" se utiliza en la vida diaria.,Le verbe "déménager" est utilisé dans la vie quotidienne.
542,structurer,estructurar,El verbo "estructurar" se utiliza en la vida diaria.,Le verbe "structurer" est utilisé dans la vie quotidienne.
543,soutenir,apoyar,El verbo "apoyar" se utiliza en la vida diaria.,Le verbe "soutenir" est utilisé dans la vie quotidienne.
544,encourager,animar,El verbo "animar" se utiliza en la vida diaria.,Le verbe "encourager" est utilisé dans la vie quotidienne.
545,inspirer,inspirar,El verbo "inspirar" se utiliza en la vida diaria.,Le verbe "inspirer" est utilisé dans la vie quotidienne.
546,motiver,motivar,El verbo "motivar" se utiliza en la vida diaria.,Le verbe "motiver" est utilisé dans la vie quotidienne.
547,collaborer,collaborar,El verbo "colaborar" se utiliza en la vida diaria.,Le verbe "collaborer" est utilisé dans la vie quotidienne.
548,coopérer,cooperar,El verbo "cooperar" se utiliza en la vida diaria.,Le verbe "coopérer" est utilisé dans la vie quotidienne.
549,résoudre,resolver,El verbo "resolver" se utiliza en la vida diaria.,Le verbe "résoudre" est utilisé dans la vie quotidienne.
550,conclure,concluir,El verbo "concluir" se utiliza en la vida diaria.,Le verbe "conclure" est utilisé dans la vie quotidienne.
551,résumer,resumir,El verbo "resumir" se utiliza en la vida diaria.,Le verbe "résumer" est utilisé dans la vie quotidienne.
552,interpréter,interpretar,El verbo "interpretar" se utiliza en la vida diaria.,Le verbe "interpréter" est utilisé dans la vie quotidienne.
553,traduire,traducir,El verbo "traducir" se utiliza en la vida diaria.,Le verbe "traduire" est utilisé dans la vie quotidienne.
554,corriger,corrigir,El verbo "corrigir" se utiliza en la vida diaria.,Le verbe "corriger" est utilisé dans la vie quotidienne.
555,perfectionner,perfeccionar,El verbo "perfeccionar" se utiliza en la vida diaria.,Le verbe "perfectionner" est utilisé dans la vie quotidienne.
556,échanger,intercambiar,El verbo "intercambiar" se utiliza en la vida diaria.,Le verbe "échanger" est utilisé dans la vie quotidienne.
557,débattre,debatir,El verbo "debatir" se utiliza en la vida diaria.,Le verbe "débattre" est utilisé dans la vie quotidienne.
558,envisager,considerar,El verbo "considerar" se utiliza en la vida diaria.,Le verbe "envisager" est utilisé dans la vie quotidienne.
559,anticiper,anticipar,El verbo "anticipar" se utiliza en la vida diaria.,Le verbe "anticiper" est utilisé dans la vie quotidienne.
560,prédire,predecir,El verbo "predecir" se utiliza en la vida diaria.,Le verbe "prédire" est utilisé dans la vie quotidienne.
561,infirmer,refutar,El verbo "refutar" se utiliza en la vida diaria.,Le verbe "infirmer" est utilisé dans la vie quotidienne.
562,constater,constatar,El verbo "constatar" se utiliza en la vida diaria.,Le verbe "constater" est utilisé dans la vie quotidienne.
563,mentionner,mencionar,El verbo "mencionar" se utiliza en la vida diaria.,Le verbe "mentionner" est utilisé dans la vie quotidienne.
564,citer,citar,El verbo "citar" se utiliza en la vida diaria.,Le verbe "citer" est utilisé dans la vie quotidienne.
565,évaluer,evaluar,El verbo "evaluar" se utiliza en la vida diaria.,Le verbe "évaluer" est utilisé dans la vie quotidienne.
566,estimer,estimar,El verbo "estimar" se utiliza en la vida diaria.,Le verbe "estimer" est utilisé dans la vie quotidienne.
567,prévoir,prever,El verbo "prever" se utiliza en la vida diaria.,Le verbe "prévoir" est utilisé dans la vie quotidienne.
568,simuler,simular,El verbo "simular" se utiliza en la vida diaria.,Le verbe "simuler" est utilisé dans la vie quotidienne.
569,modéliser,modelar,El verbo "modelar" se utiliza en la vida diaria.,Le verbe "modéliser" est utilisé dans la vie quotidienne.
570,représenter,representar,El verbo "representar" se utiliza en la vida diaria.,Le verbe "représenter" est utilisé dans la vie quotidienne.
571,formaliser,formalizar,El verbo "formalizar" se utiliza en la vida diaria.,Le verbe "formaliser" est utilisé dans la vie quotidienne.
572,enregistrer,registrar,El verbo "registrar" se utiliza en la vida diaria.,Le verbe "enregistrer" est utilisé dans la vie quotidienne.
573,sauvegarder,respaldar,El verbo "respaldar" se utiliza en la vida diaria.,Le verbe "sauvegarder" est utilisé dans la vie quotidienne.
574,imprimer,imprimir,El verbo "imprimir" se utiliza en la vida diaria.,Le verbe "imprimer" est utilisé dans la vie quotidienne.
575,scanner,escanear,El verbo "escanear" se utiliza en la vida diaria.,Le verbe "scanner" est utilisé dans la vie quotidienne.
576,copier,copiar,El verbo "copiar" se utiliza en la vida diaria.,Le verbe "copier" est utilisé dans la vie quotidienne.
577,coller,pegar,El verbo "pegar" se utiliza en la vida diaria.,Le verbe "coller" est utilisé dans la vie quotidienne.
578,effacer,borrar,El verbo "borrar" se utiliza en la vida diaria.,Le verbe "effacer" est utilisé dans la vie quotidienne.
579,supprimer,eliminar,El verbo "eliminar" se utiliza en la vida diaria.,Le verbe "supprimer" est utilisé dans la vie quotidienne.
580,ajouter,añadir,El verbo "añadir" se utiliza en la vida diaria.,Le verbe "ajouter" est utilisé dans la vie quotidienne.
581,insérer,insertar,El verbo "insertar" se utiliza en la vida diaria.,Le verbe "insérer" est utilisé dans la vie quotidienne.
582,modifier,modificar,El verbo "modificar" se utiliza en la vida diaria.,Le verbe "modifier" est utilisé dans la vie quotidienne.
583,générer,generar,El verbo "generar" se utiliza en la vida diaria.,Le verbe "générer" est utilisé dans la vie quotidienne.
584,distribuer,distribuir,El verbo "distribuir" se utiliza en la vida diaria.,Le verbe "distribuer" est utilisé dans la vie quotidienne.
585,partager,compartir,El verbo "compartir" se utiliza en la vida diaria.,Le verbe "partager" est utilisé dans la vie quotidienne.
586,transmettre,transmitir,El verbo "transmitir" se utiliza en la vida diaria.,Le verbe "transmettre" est utilisé dans la vie quotidienne.
587,importer,importar,El verbo "importar" se utiliza en la vida diaria.,Le verbe "importer" est utilisé dans la vie quotidienne.
588,exporter,exportar,El verbo "exportar" se utiliza en la vida diaria.,Le verbe "exporter" est utilisé dans la vie quotidienne.
589,connecter,conectar,El verbo "conectar" se utiliza en la vida diaria.,Le verbe "connecter" est utilisé dans la vie quotidienne.
590,déconnecter,desconectar,El verbo "desconectar" se utiliza en la vida diaria.,Le verbe "déconnecter" est utilisé dans la vie quotidienne.
591,activer,activar,El verbo "activar" se utiliza en la vida diaria.,Le verbe "activer" est utilisé dans la vie quotidienne.
592,désactiver,desactivar,El verbo "desactivar" se utiliza en la vida diaria.,Le verbe "désactiver" est utilisé dans la vie quotidienne.
593,configurer,configurar,El verbo "configurar" se utiliza en la vida diaria.,Le verbe "configurer" est utilisé dans la vie quotidienne.
594,mettre à jour,actualizar,El verbo "actualizar" se utiliza en la vida diaria.,Le verbe "mettre à jour" est utilisé dans la vie quotidienne.
595,télécharger,descargar,El verbo "descargar" se utiliza en la vida diaria.,Le verbe "télécharger" est utilisé dans la vie quotidienne.
596,remplacer,reemplazar,El verbo "reemplazar" se utiliza en la vida diaria.,Le verbe "remplacer" est utilisé dans la vie quotidienne.
597,sélectionner,seleccionar,El verbo "seleccionar" se utiliza en la vida diaria.,Le verbe "sélectionner" est utilisé dans la vie quotidienne.
598,valider,validar,El verbo "validar" se utiliza en la vida diaria.,Le verbe "valider" est utilisé dans la vie quotidienne.
599,innover,innovar,El verbo "innovar" se utiliza en la vida diaria.,Le verbe "innover" est utilisé dans la vie quotidienne.
600,réfléchir,reflexionar,El verbo "reflexionar" se utiliza en la vida diaria.,Le verbe "réfléchir" est utilisé dans la vie quotidienne.
601,silencieux,silencioso,"Le jardin est silencieux.","El jardín está silencioso."
602,fragile,frágil,"La porcelaine est fragile.","La porcelana es frágil."
603,robuste,robusto,"Le meuble est robuste.","El mueble es robusto."
604,éclatant,resplandeciente,"La lumière était éclatante.","La luz era resplandeciente."
605,doux,suave,"Le tissu est doux.","La tela es suave."
606,amer,amargo,"Le café est amer.","El café es amargo."
607,acide,ácido,"Le citron est acide.","El limón es ácido."
608,savoureux,sabroso,"Le repas était savoureux.","La comida fue sabrosa."
609,épicé,picante,"Le plat est épicé.","El plato es picante."
610,crémeux,cremoso,"La texture du helado est crémeuse.","La textura del helado es cremosa."
611,vétuste,vetusto,"Le bâtiment est vétuste.","El edificio es vetusto."
612,modeste,modesto,"Il vit dans une maison modeste.","Él vive en una casa modesta."
613,exquis,exquisito,"Le dessert était exquis.","El postre fue exquisito."
614,opaque,opaco,"Le verre est opaque.","El vidrio es opaco."
615,transparent,transparente,"L'eau est transparente.","El agua es transparente."
616,serein,sereno,"Le ciel est serein.","El cielo está sereno."
617,chaotique,caótico,"La circulation est chaotique.","El tráfico es caótico."
618,ordonné,ordenado,"La bibliothèque est ordonnée.","La biblioteca está ordenada."
619,coloré,colorido,"Le tableau est coloré.","El cuadro es colorido."
620,terne,apagado,"La lumière est terne.","La luz es apagada."
621,vif,vívido,"Le tableau est vif.","El cuadro es vívido."
622,intense,intenso,"L'odeur est intense.","El olor es intenso."
623,fade,insípido,"Le jus est fade.","El jugo está insípido."
624,boisé,amaderado,"Le parfum est boisé.","El perfume es amaderado."
625,floral,floral,"Le bouquet est floral.","El ramo es floral."
626,fruité,afrutado,"Le vin est fruité.","El vino es afrutado."
627,électrique,eléctrico,"L'ambiance est électrique.","El ambiente es eléctrico."
628,magnétique,magnético,"Le champ est magnétique.","El campo es magnético."
629,sournois,insidioso,"Son regard est sournois.","Su mirada es insidiosa."
630,vulgaire,vulgar,"Le langage était vulgaire.","El lenguaje era vulgar."
631,élégant,elegante,"Elle est toujours élégante.","Ella siempre es elegante."
632,raffiné,refinado,"Le goût est raffiné.","El sabor es refinado."
633,spacieux,espacioso,"Le salon est spacieux.","La sala es espaciosa."
634,étroit,estrecho,"La rue est étroite.","La calle es estrecha."
635,ample,amplio,"La salle est ample.","El salón es amplio."
636,compact,compacto,"Le logement est compact.","La vivienda es compacta."
637,mou,blando,"Le coussin est mou.","El cojín es blando."
638,dur,duro,"Le bois est dur.","La madera es dura."
639,solide,sólido,"La table est solide.","La mesa es sólida."
640,flasque,flácido,"Le muscle semble flasque.","El músculo parece flácido."
641,tendre,tierno,"La viande est tendre.","La carne es tierna."
642,mouillé,mojado,"Le sol est mouillé.","El suelo está mojado."
643,sec,seco,"Le pain est sec.","El pan está seco."
644,humide,húmedo,"L'air est humide.","El aire está húmedo."
645,glacial,glacial,"Le vent est glacial.","El viento es glacial."
646,brûlant,ardiente,"Le soleil est brûlant.","El sol es ardiente."
647,tempéré,templado,"Le climat est tempéré.","El clima es templado."
648,météorologique,meteorológico,"Les conditions météorologiques sont variables.","Las condiciones meteorológicas son variables."
649,saisonnier,estacional,"La mode est saisonnière.","La moda es estacional."
650,pittoresque,pintoresco,"Le village est pittoresque.","El pueblo es pintoresco."
651,contemporain,contemporáneo,"L'art contemporain est dynamique.","El arte contemporáneo es dinámico."
652,divers,diverso,"Les opinions sont diverses.","Las opiniones son diversas."
653,varié,variado,"Le menu est varié.","El menú es variado."
654,multiple,múltiple,"Les options sont multiples.","Las opciones son múltiples."
655,unique,único,"C'est une opportunité unique.","Es una oportunidad única."
656,exceptionnel,excepcional,"Le talent est exceptionnel.","El talento es excepcional."
657,ordinaire,ordinario,"C'est un jour ordinaire.","Es un día ordinario."
658,sublime,sublime,"La vue est sublime.","La vista es sublime."
659,magnifique,magnífico,"Le paysage est magnifique.","El paisaje es magnífico."
660,splendide,espléndido,"Le coucher de soleil est splendide.","La puesta de sol es espléndida."
661,superbe,soberbio,"La performance était superbe.","La actuación fue soberbia."
662,compliqué,complicado,"Le problème est compliqué.","El problema es complicado."
663,élaboré,elaborado,"Le plan est élaboré avec soin.","El plan está elaborado con cuidado."
664,rudimentaire,rudimentario,"La méthode est rudimentaire.","El método es rudimentario."
665,structuré,estructurado,"L'argument est structuré.","El argumento está estructurado."
666,désorganisé,desorganizado,"Le bureau est désorganisé.","La oficina está desorganizada."
667,tiède,tibio,"Le thé est tiède.","El té está tibio."
668,confus,confuso,"Le message était confus.","El mensaje era confuso."
669,clandestin,clandestino,"Les activités étaient clandestines.","Las actividades eran clandestinas."
670,officiel,oficial,"Le communiqué est officiel.","El comunicado es oficial."
671,secret,secreto,"Il garde un secret.","Él guarda un secreto."
672,public,público,"L'événement est public.","El evento es público."
673,privé,privado,"C'est un club privé.","Es un club privado."
674,personnel,personal,"Les données personnelles sont protégées.","Los datos personales están protegidos."
675,professionnel,profesional,"Il a une attitude professionnelle.","Él tiene una actitud profesional."
676,spirituel,espiritual,"La quête spirituelle est profonde.","La búsqueda espiritual es profunda."
677,matériel,material,"Les ressources matérielles sont limitées.","Los recursos materiales son limitados."
678,immatériel,inmaterial,"L'amour est immatériel.","El amor es inmaterial."
679,physique,físico,"La douleur physique est intense.","El dolor físico es intenso."
680,émotionnel,emocional,"Son discours était émotionnel.","Su discurso fue emocional."
681,mental,mental,"Le stress mental peut être épuisant.","El estrés mental puede ser agotador."
682,intellectuel,intelectual,"Il participe à des débats intellectuels.","Él participa en debates intelectuales."
683,artistique,artístico,"La performance artistique était captivante.","La actuación artística fue cautivadora."
684,culturel,cultural,"Le festival est un événement culturel.","El festival es un evento cultural."
685,scientifique,científico,"La recherche scientifique progresse.","La investigación científica avanza."
686,technique,técnico,"Les détails techniques sont précis.","Los detalles técnicos son precisos."
687,analogique,analógico,"Le signal analogique est clair.","La señal analógica es clara."
688,optique,óptico,"Le système optique est avancé.","El sistema óptico es avanzado."
689,acoustique,acústico,"L'acoustique de la salle est excellente.","La acústica de la sala es excelente."
690,sismique,sísmico,"L'activité sismique a augmenté.","La actividad sísmica ha aumentado."
691,astronomique,astronómico,"La distance est astronomique.","La distancia es astronómica."
692,biologique,biológico,"Le processus biologique est complexe.","El proceso biológico es complejo."
693,chimique,químico,"La réaction chimique est rapide.","La reacción química es rápida."
694,mathématique,matemático,"Le problème mathématique est difficile.","El problema matemático es difícil."
695,géographique,geográfico,"Les données géographiques sont précises.","Los datos geográficos son precisos."
696,littéraire,literario,"Le style littéraire est poétique.","El estilo literario es poético."
697,philosophique,filosófico,"La question est philosophique.","La pregunta es filosófica."
698,psychologique,psicológico,"Le test psychologique était long.","El test psicológico fue largo."
699,sociologique,sociológico,"L'étude sociologique révèle des tendances.","El estudio sociológico revela tendencias."
700,juridique,jurídico,"La décision juridique fut controversée.","La decisión jurídica fue controvertida."
701,économique,económico,"La situation économique se détériore.","La situación económica se deteriora."
702,financier,financiero,"Le rapport financier est détaillé.","El informe financiero es detallado."
703,commercial,comercial,"Le marché commercial est compétitif.","El mercado comercial es competitivo."
704,industriel,industrial,"Le secteur industriel se développe.","El sector industrial se desarrolla."
705,agricole,agrícola,"Les techniques agricoles évoluent.","Las técnicas agrícolas evolucionan."
706,minier,minero,"L'exploitation minière est dangereuse.","La explotación minera es peligrosa."
707,durable,sostenible,"Le développement durable est essentiel.","El desarrollo sostenible es esencial."
708,écologique,ecológico,"La politique écologique se renforce.","La política ecológica se fortalece."
709,organique,orgánico,"Les produits sont cultivés de manière organique.","Los productos se cultivan de forma orgánica."
710,inorganique,inorgánico,"Les composés inorganiques sont étudiés.","Los compuestos inorgánicos se estudian."
711,synthétique,sintético,"Le tissu est synthétique.","La tela es sintética."
712,artificiel,artificial,"Le parfum est artificiel.","El perfume es artificial."
713,génétique,genético,"La recherche génétique progresse.","La investigación genética avanza."
714,moléculaire,molecular,"La structure moléculaire est complexe.","La estructura molecular es compleja."
715,cellulaire,celular,"L'analyse cellulaire est importante.","El análisis celular es importante."
716,virulent,virulento,"Le virus est virulent.","El virus es virulento."
717,pathogène,patógeno,"La bactérie est pathogène.","La bacteria es patógena."
718,contagieux,contagioso,"Les rires contagieux remplissent la pièce.","Las risas contagiosas llenan la habitación."
719,inflammable,inflamable,"Le matériau est inflammable.","El material es inflamable."
720,résistant,resistente,"Le tissu est résistant.","La tela es resistente."
721,flexible,flexible,"Le design est flexible.","El diseño es flexible."
722,rigide,rígido,"La structure est rigide.","La estructura es rígida."
723,ductile,dúctil,"Le métal est ductile.","El metal es dúctil."
724,malléable,maleable,"Le métal est malléable.","El metal es maleable."
725,céramique,cerámica,"La poterie est en céramique.","La alfarería es de cerámica."
726,vitreux,vidrioso,"La surface est vitreuse.","La superficie es vidriosa."
727,translucide,traslúcido,"Le rideau est translucide.","La cortina es traslúcida."
728,iridescent,iridiscente,"Le papillon a des ailes iridescentes.","La mariposa tiene alas iridiscentes."
729,métallique,metálico,"Le son est métallique.","El sonido es metálico."
730,tactile,táctil,"L'écran est tactile.","La pantalla es táctil."
731,sonore,sonoro,"Le concert était sonore.","El concierto fue sonoro."
732,visuel,visual,"L'art visuel est captivant.","El arte visual es cautivador."
733,olfactif,olfativo,"L'expérience olfactive est unique.","La experiencia olfativa es única."
734,gustatif,gustativo,"Le plaisir gustatif est intense.","El placer gustativo es intenso."
735,vibrant,vibrante,"La musique est vibrante.","La música es vibrante."
736,tonique,tónico,"La boisson est tonique.","La bebida es tónica."
737,rafraîchissant,refrescante,"Le jus est rafraîchissant.","El jugo es refrescante."
738,stimulant,estimulante,"Le café est stimulant.","El café es estimulante."
739,apaisant,calmante,"La musique est apaisante.","La música es calmante."
740,revigorant,revigorizante,"La promenade est revigorante.","La caminata es revigorizante."
741,exaltant,exaltante,"Le film était exaltant.","La película fue exaltante."
742,émouvant,conmovedor,"Le discours était émouvant.","El discurso fue conmovedor."
743,affectif,afectivo,"Le film a eu un impact affectif fort.","La película tuvo un fuerte impacto afectivo."
744,inoubliable,inolvidable,"Le voyage était inoubliable.","El viaje fue inolvidable."
745,marquant,significativo,"Cet événement est marquant.","Este evento es significativo."
746,émancipé,emancipado,"Il se sent émancipé.","Él se siente emancipado."
747,libérateur,liberador,"Le changement est libérateur.","El cambio es liberador."
748,inspirant,inspirador,"Son discours est inspirant.","Su discurso es inspirador."
749,motivant,motivador,"L'exercice est motivant.","El ejercicio es motivador."
750,persuasif,persuasivo,"L'argument est persuasif.","El argumento es persuasivo."
751,convaincant,convincente,"Sa présentation est convaincante.","Su presentación es convincente."
752,authentique,auténtico,"Le style est authentique.","El estilo es auténtico."
753,sincère,sincero,"Son sourire est sincère.","Su sonrisa es sincera."
754,cordial,cordial,"L'accueil était cordial.","La bienvenida fue cordial."
755,chaleureux,cálido,"L'ambiance est chaleureuse.","El ambiente es cálido."
756,hospitalier,hospitalario,"Les habitants sont hospitaliers.","Los habitantes son hospitalarios."
757,amical,amistoso,"Le ton est amical.","El tono es amistoso."
758,prévenant,atento,"Il est très prévenant.","Él es muy atento."
759,galant,galante,"Il est galant avec les invités.","Él es galante con los invitados."
760,courtois,cortés,"Le service est courtois.","El servicio es cortés."
761,polie,educado,"Elle reste polie même dans l'adversité.","Ella se mantiene educada incluso en la adversidad."
762,généreux,generoso,"Il est généreux avec son temps.","Él es generoso con su tiempo."
763,avare,avaro,"Il est connu pour être avare.","Es conocido por ser avaro."
764,optimiste,optimista,"Elle reste optimiste malgré les difficultés.","Ella se mantiene optimista a pesar de las dificultades."
765,pessimiste,pesimista,"Il est souvent pessimiste.","Él es a menudo pesimista."
766,réaliste,realista,"Il adopte une approche réaliste.","Adopta un enfoque realista."
767,idéaliste,idealista,"Elle est un peu idéaliste.","Ella es un poco idealista."
768,imaginatif,imaginativo,"Son esprit est très imaginatif.","Su mente es muy imaginativa."
769,inspiré,inspirado,"Son art est inspiré par la nature.","Su arte está inspirado por la naturaleza."
770,énergique,enérgico,"Il est très énergique pendant les réunions.","Él es muy enérgico durante las reuniones."
771,fatigué,cansado,"Après le long voyage, il est fatigué.","Después del largo viaje, está cansado."
772,dynamique,dinámico,"L'équipe est dynamique.","El equipo es dinámico."
773,colérique,colérico,"Il se met facilement en colère.","Se enoja fácilmente."
774,patient,paciente,"Elle est très patiente avec les enfants.","Ella es muy paciente con los niños."
775,impulsif,impulsivo,"Son comportement est impulsif.","Su comportamiento es impulsivo."
776,timide,tímido,"Le nouvel élève est timide.","El nuevo alumno es tímido."
777,extravagant,extravagante,"Son style vestimentaire est extravagant.","Su estilo de vestir es extravagante."
778,modéré,moderado,"Le discours était modéré.","El discurso fue moderado."
779,excessif,excesivo,"Les dépenses sont excessives.","Los gastos son excesivos."
780,temporel,temporal,"La douleur est de nature temporelle.","El dolor es de naturaleza temporal."
781,spatial,espacial,"Les dimensions sont spatiales.","Las dimensiones son espaciales."
782,cosmique,cósmico,"Les phénomènes cosmiques fascinent les scientifiques.","Los fenómenos cósmicos fascinan a los científicos."
783,interstellaire,interestelar,"Les distances interstellaires sont immenses.","Las distancias interestelares son inmensas."
784,planétaire,planetario,"L'exploration planétaire progresse rapidement.","La exploración planetaria progresa rápidamente."
785,océanique,oceánico,"Les courants océaniques influencent le climat.","Las corrientes oceánicas influyen en el clima."
786,fluvial,fluvial,"Les voies fluviales sont navigables.","Las vías fluviales son navegables."
787,montagnard,montañés,"Le climat montagnard est rude.","El clima montañés es duro."
788,forestier,forestal,"La région forestière est dense.","La región forestal es densa."
789,désertique,desértico,"Le paysage désertique est vaste.","El paisaje desértico es vasto."
790,tropical,tropical,"Le climat tropical est humide.","El clima tropical es húmedo."
791,hivernal,invernal,"Les conditions hivernales sont rigoureuses.","Las condiciones invernales son rigurosas."
792,estival,estival,"Les vacances estivales sont attendues.","Se esperan las vacaciones de verano."
793,printanier,primaveral,"Les fleurs printanières éclosent.","Las flores primaverales florecen."
794,automnal,otoñal,"Les feuilles automnales tombent.","Las hojas otoñales caen."
795,éolien,eólico,"Les éoliennes produisent de l'énergie eólica.","Los aerogeneradores producen energía eólica."
796,solaire,solar,"Les panneaux solaires captent la lumière solaire.","Los paneles solares captan la luz solar."
797,géothermique,geotérmico,"L'énergie géothermique est renouvelable.","La energía geotérmica es renovable."
798,nucléaire,nuclear,"La centrale nucléaire fournit de l'électricité.","La central nuclear suministra electricidad."
799,hydraulique,hidráulico,"Les barrages hydrauliques régulent l'eau.","Las presas hidráulicas regulan el agua."
800,mécanique,mecánico,"Les lois mécaniques régissent le mouvement.","Las leyes mecánicas rigen el movimiento."
